name,employers,vacancies
Москва,5864,5333
Санкт-Петербург,2217,2851
Минск,1115,2112
Алматы,721,1892
Екатеринбург,609,1698
Новосибирск,573,2006
Казань,480,1415
Нижний Новгород,426,1670
Россия,410,0
Краснодар,409,1301
Ростов-на-Дону,335,1131
Красноярск,331,847
Ташкент,326,851
Самара,315,1144
Нур-Султан,312,840
Челябинск,310,786
Воронеж,292,1063
Уфа,252,767
Пермь,250,771
Тюмень,218,547
Омск,210,617
Казахстан,207,0
Томск,191,692
Ижевск,189,466
Иркутск,187,451
Барнаул,187,374
Калининград,157,343
Тула,149,343
Владивосток,148,539
Саратов,138,579
Ярославль,137,391
Кемерово,121,316
Белгород,115,253
Рязань,115,346
Хабаровск,112,338
Киров (Кировская область),111,293
Пенза,111,305
Сочи,109,230
Волгоград,107,456
Тольятти,100,229
Иваново (Ивановская область),94,190
Тверь,94,274
Чебоксары,91,245
Набережные Челны,91,202
Ульяновск,88,332
Липецк,85,203
Владимир,83,219
Ставрополь,79,155
Бишкек,77,166
Московская область,75,0
Новокузнецк,71,156
Оренбург,69,199
Симферополь,68,187
Кострома,67,146
Вологда,66,153
Курск,66,178
США,61,12
Караганда,60,102
Смоленск,57,141
Таганрог,56,116
Калуга,55,158
Брянск,53,161
Мурманск,50,100
Атырау,48,93
Архангельск,48,99
Тамбов,47,123
Орел,47,115
Улан-Удэ,46,84
Севастополь,44,152
Магнитогорск,43,91
Астрахань,42,115
Благовещенск (Амурская область),41,94
Саранск,39,113
Брест,39,54
Сургут,38,86
Гродно,37,50
Витебск,37,42
Чита,36,111
Йошкар-Ола,35,97
Кипр,35,136
Гомель,34,61
Великий Новгород,34,105
Нижневартовск,34,73
Псков,33,90
Мытищи,32,94
Петрозаводск,32,97
Южно-Сахалинск,31,86
Павлодар,30,44
Одинцово,30,56
Могилев,29,34
Курган,28,93
Шымкент,27,62
Череповец,27,99
Махачкала,27,76
Костанай,27,29
Зеленоград,27,132
Новороссийск,26,66
Сыктывкар,26,42
Якутск,26,54
Усть-Каменогорск,25,27
Волжский (Волгоградская область),23,57
Подольск (Московская область),23,77
Великобритания,23,2
Химки,22,77
Бийск,22,48
Обнинск,21,57
Эстония,19,3
Краснодарский край,19,0
Красногорск,19,45
Ростовская область,18,0
Беларусь,18,0
Азербайджан,17,0
Пятигорск,17,39
Энгельс,16,34
Нижний Тагил,16,43
Нижегородская область,16,0
Республика Татарстан,16,0
Германия,16,19
Петропавловск-Камчатский,16,61
Королев,15,63
Узбекистан,15,0
Дзержинск (Нижегородская область),14,46
Ангарск,14,39
Ханты-Мансийск,14,31
Уральск,13,18
Актобе,13,28
Тбилиси,13,474
Дубна,13,28
Нижнекамск,13,32
Абакан,13,37
Актау,12,22
Альметьевск,12,35
Владикавказ,12,32
Борисов,12,10
Иннополис,12,91
Старый Оскол,11,40
Видное,11,15
Новый Уренгой,11,43
Братск,11,37
Латвия,11,10
Анапа,11,31
Миасс,10,24
Чехия,10,14
Армения,10,223
Раменское,10,26
Щелково,10,39
Ногинск,10,20
Баку,10,91
Белгородская область,10,0
Балашиха,10,46
Петропавловск,10,23
Рыбинск,10,44
Люберцы,10,37
Магадан,10,25
Сингапур,10,0
Ялта,9,16
Калужская область,9,0
Ленинградская область,9,0
Истра,9,16
Литва,8,19
Кокшетау,8,13
Ковров,8,37
Тараз,8,11
Норильск,8,38
Самарканд,8,16
Армавир,8,18
Электросталь,7,16
Финляндия,7,7
Майкоп,7,21
Самарская область,7,0
Минеральные Воды,7,13
Солнечногорск,7,20
Барановичи,7,5
Дмитров,7,16
Семей,7,8
Домодедово,7,32
Воронежская область,7,0
Гатчина,7,13
ОАЭ,6,12
Австралия,6,0
Всеволожск,6,14
Нидерланды,6,2
Комсомольск-на-Амуре,6,49
Бердск,6,18
Ульяновская область,6,0
Елабуга,6,17
Стерлитамак,6,26
Орехово-Зуево,6,21
Ставропольский край,6,0
Новокуйбышевск,6,25
Кыргызстан,6,0
Тобольск,6,16
Новомосковск (Тульская область),6,27
Новочеркасск,6,40
Черкесск,6,13
Долгопрудный,6,30
Серпухов,6,15
Белово,6,6
Волгодонск,6,19
Кировская область,6,0
Березники,6,23
Чехов,5,11
Муром,5,25
Ивановская область,5,0
Ноябрьск,5,11
Жуковский,5,24
Новочебоксарск,5,14
Салават,5,18
Пушкино (Московская область),5,32
Швейцария,5,0
Канада,5,0
Салехард,5,7
Первоуральск,5,15
Уссурийск,5,36
Елец,5,15
Балаково,5,19
Липецкая область,5,0
Нефтекамск,5,13
Тульская область,5,0
Новосибирская область,5,0
Клин,5,14
Находка,5,37
Кстово,5,15
Климовск (Московская область),5,3
Талдыкорган,4,18
Орск,4,24
Краснокамск,4,4
Аксай (Казахстан),4,25
Каменск-Уральский,4,12
Нефтеюганск,4,29
Сызрань,4,21
Димитровград,4,13
Аксай (Ростовская область),4,5
Темиртау,4,7
Пензенская область,4,0
Лида,4,4
Кемеровская область,4,0
Фрязино,4,9
Польша,4,53
Волгоградская область,4,0
Златоуст,4,10
Чувашская Республика,4,0
Кирово-Чепецк,4,5
Шахты,4,15
Иркутская область,4,0
Республика Крым,4,0
Реутов,4,13
Рязанская область,4,0
Коломна,4,31
Свердловская область,4,0
Северодвинск,4,16
Сергиев Посад,4,21
Ивантеевка,4,11
Солигорск,4,3
Костромская область,3,0
Прокопьевск,3,13
Алтайский край,3,0
Полоцк,3,2
Наро-Фоминск,3,16
Бобруйск,3,5
Саяногорск,3,6
Турция,3,39
Сосновоборск,3,8
Павловск (Воронежская область),3,6
Пермский край,3,0
Калининградская область,3,0
Минская область,3,0
Батайск,3,8
Ухта,3,7
Владимирская область,3,0
Ярославская область,3,0
Усть-Кут,3,9
Камышин,3,11
Бор,3,1
Копейск,3,15
Новоалтайск,3,12
Ступино,3,8
Когалым,3,9
Красноярский край,3,0
Сосновый Бор (Ленинградская область),3,7
Израиль,3,2
Удмуртская Республика,3,0
Томская область,3,0
Ессентуки,3,16
Михайловка (Волгоградская область),3,4
Кызыл,3,7
Кингисепп,3,13
Экибастуз,3,5
Выборг,3,5
Ачинск,3,9
Китай,3,1
Октябрьский (Республика Башкортостан),3,13
Другие регионы,3,0
Испания,3,4
Заречный (Свердловская область),2,2
Волжск,2,7
Ленск,2,1
Переславль-Залесский,2,8
Дудинка (Красноярский край),2,0
Мценск,2,2
Воскресенск,2,4
Тосно,2,6
Торжок,2,3
Ворсино (Калужская область),2,0
Озерск (Челябинская область),2,3
Арамиль,2,0
Лабинск,2,3
Северск (Томская область),2,16
Томилино,2,3
Селятино,2,1
Адлер,2,13
Канаш,2,2
Солнечный (Ханты-Мансийский АО),2,0
Тверская область,2,0
Серов,2,7
Кунгур,2,0
Котельники,2,5
Гусь-Хрустальный,2,2
Донецк (Ростовская область),2,3
Кулебаки,2,3
Котлас,2,2
Абинск,2,6
Арзамас,2,11
Талгар,2,2
Алушта,2,3
Славянск-на-Кубани,2,4
Омская область,2,0
Бахчисарай,2,2
Павлово,2,2
Камчатский край,2,0
Смолевичи,2,0
Смоленская область,2,0
Молодечно,2,4
Десногорск,2,3
Старая Купавна,2,1
Муравленко,2,4
Радужный (Владимирская область),2,1
Элиста,2,10
Электрогорск,2,2
Юбилейный (Московская область),2,0
Кисловодск,2,12
Горно-Алтайск,2,9
Дедовск,2,6
Щербинка,2,3
Щучинск,2,0
Искитим,2,5
Жодино,2,0
Пушкин,2,3
Белорецк,2,1
Кировск (Ленинградская область),2,4
Шебекино,2,8
Мальта,2,0
Шатура,2,0
Малоярославец,2,4
Железнодорожный,2,9
Асбест,2,6
Краснообск,2,1
Черногорск,2,4
Краснознаменск (Московская область),2,3
Черногория,2,14
Черноголовка,2,5
Приморский край,2,0
Норвегия,2,0
Челябинская область,2,0
Россошь,2,2
Чапаевск,2,6
Новополоцк,2,2
Рощино (Ленинградская область),2,2
Балхаш,2,1
Рубцовск,2,12
Рудный,2,2
Геленджик,2,7
Индонезия,2,1
Соликамск,2,6
Невинномысск,2,6
Азов,2,5
Верхняя Пышма,2,12
Усть-Лабинск,2,5
Усинск,2,7
Сарапул,2,4
Ейск,2,2
Саратовская область,2,0
Грузия,2,0
Бодайбо,2,5
Строитель (Белгородская область),1,4
Венгрия,1,9
Венев,1,0
"Михайловка (Уфимский район, Башкортостан)",1,0
"Михнево (Московская область, Ступинский район)",1,1
Верхнетуломский,1,0
Зарайск,1,2
Можайск,1,0
Заречный (Пензенская область),1,2
Заринск,1,4
Звенигород,1,1
"Морозовск
",1,0
Агрыз,1,0
Звёздный Городок,1,0
Батуми,1,83
Зеленоградск,1,0
Навои,1,1
Надым,1,1
Верхняя Салда,1,1
Адамовка,1,0
Зудилово,1,0
Невьянск,1,1
Некрасовский (Московская область),1,2
Несвиж,1,0
Ивацевичи,1,0
Нефтекумск,1,0
Алапаевск,1,0
Белиз,1,0
Витебская область,1,0
Белогорск (Крым),1,0
Белокуриха,1,2
Нижняя Тура,1,2
Беломорск,1,0
Власиха,1,2
Новодвинск,1,3
Апрелевка,1,3
Апшеронск,1,1
Индия,1,2
Новомихайловский,1,0
Иноземцево,1,0
Новотроицк (Оренбургская область),1,3
Инсар,1,0
Новошахтинск,1,6
Белореченск,1,1
Ишим,1,2
Ишимбай,1,3
Ишлеи,1,0
Нягань,1,1
Обь,1,5
Калач,1,1
Калач-на-Дону,1,0
Вологодская область,1,0
Алдан,1,5
Оренбургская область,1,0
Орловская область,1,0
Орша,1,3
Осинники,1,5
Отрадная,1,0
Отрадный (Самарская область),1,4
Оха,1,0
Александров,1,5
Камешково,1,2
Артем,1,40
Павловская Слобода,1,3
Павловский Посад,1,6
Панама,1,0
Каневская,1,0
Парфино,1,0
"Воротынск
",1,0
Восточный (Свердловская область),1,0
Воткинск,1,6
Пересвет,1,1
Выкса,1,16
Березовка (Красноярский край),1,0
Березовский (Кемеровская область),1,2
Березовский (Свердловская область),1,4
Берёзово,1,1
Вязьма,1,2
Гаврилов-Ям,1,1
Пинск,1,3
Плавск,1,0
Пласт,1,1
Архангельская область,1,0
Кашира,1,4
Архангельское (Республика Башкортостан),1,0
Керчь,1,17
Киев,1,14
Португалия,1,0
Кизилюрт,1,0
Кимовск,1,2
Австрия,1,4
Правдинск (Калининградская область),1,0
Кинель,1,3
Гидроторф,1,0
Приморск (Ленинградская область),1,1
Приморско-Ахтарск,1,0
Приозерск,1,2
Глазов,1,8
Аса,1,0
Киржач,1,2
Псковская область,1,0
Путилково,1,0
Кировск (Мурманская область),1,4
Алексеевская,1,0
Пыть-Ях,1,5
Радужный (Ханты-Мансийский АО - Югра),1,0
Бобров,1,0
Рассказово,1,1
Республика Адыгея,1,0
Республика Башкортостан,1,0
Республика Бурятия,1,0
Республика Карелия,1,0
Ржев,1,5
Астраханская область,1,0
Атбасар,1,0
Рузаевка,1,1
Рыбное,1,0
Гремячинск,1,0
Колпашево,1,3
Грозный,1,17
Сатис,1,0
Сатка,1,2
Губаха,1,0
Губкин,1,9
Светлый,1,0
Комсомольское (Чувашская Республика),1,0
Конаково,1,7
Себеж,1,1
Губкинский,1,7
Северо-Курильск,1,0
Болгария,1,12
Кореновск,1,2
Афипский,1,3
Семилуки,1,1
Сербия,1,26
Костюковичи,1,0
Сибай,1,2
Сириус,1,1
Котовск (Тамбовская область),1,0
Коченево,1,0
Красково,1,0
Далматово,1,1
Красная Поляна,1,1
Словения,1,0
Красноармейск (Московская область),1,4
Дальнегорск,1,0
Сморгонь,1,0
Большой Камень,1,6
Красное Село,1,3
Баймак,1,1
Сортавала,1,0
Сосенский,1,0
Краснокаменск,1,5
Спасск-Дальний,1,2
Среднеуральск,1,4
Джанкой,1,3
Столбцы,1,0
Заволжье,1,1
Красный Сулин,1,1
Дзержинск (Беларусь),1,3
Суздаль,1,0
Боровичи,1,0
Кропоткин,1,4
Сухой Лог,1,2
Дивногорск,1,3
Балабаново,1,3
Тазовский,1,4
Таиланд,1,0
Кудрово,1,2
Донецк,1,0
Донской,1,3
Бронницы,1,8
Курганинск,1,3
Дубки (Саратовская область),1,0
Кутаиси,1,4
Брянская область,1,0
Тимашевск,1,3
Тихорецк,1,1
Кызылорда,1,5
Дубовое,1,0
Кыштым,1,7
Топчиха,1,0
Троицк (Московская область),1,10
Дубровно,1,0
Троицко-Печорск,1,0
Лангепас,1,1
Туапсе,1,16
Лебедянь,1,3
Туркестан,1,4
Бугульма,1,4
Евпатория,1,7
"Тюменская область
",1,0
Лермонтов,1,0
Лесной,1,0
Лесной (Минская область),1,0
Буда-Кошелево,1,0
Угольные Копи,1,0
Удобная,1,0
Ликино-Дулево,1,1
Узловая,1,6
Липки,1,0
Буденновск,1,1
Усолье-Сибирское,1,4
Логойск,1,0
Усть-Илимск,1,3
Балахна,1,2
Ломоносов,1,5
Усть-Нера,1,0
Усть-Ордынский,1,0
Учалы,1,3
Федоровский,1,0
Феодосия,1,4
Елизово,1,4
Филиппины,1,0
Буйнакск,1,2
Луховицы,1,6
Лысьва,1,1
Фряново,1,0
Хабаровский край,1,0
Ангрен,1,0
Хандыга,1,0
Харабали,1,0
Людиново,1,5
Лянтор,1,1
Целинное,1,0
Чайковский,1,6
Ефремов,1,4
Майна (Ульяновская область),1,0
Ванино,1,7
Жаркент,1,0
Жезказган,1,4
Чекалин,1,0
Чемал,1,0
Железноводск,1,1
Балыкчы,1,0
"Черлак (Омская область) 	",1,0
Железногорск (Красноярский край),1,8
Железногорск (Курская область),1,17
Чеченская республика,1,0
Чистополь,1,0
Чишмы,1,0
Чусовой,1,3
Шардара,1,0
Шарыпово,1,1
Шарья,1,2
Шахтинск,1,1
Мама,1,0
Швеция,1,0
Шелехов,1,7
Мамадыш,1,3
Андижан,1,0
Жигулевск,1,3
Марфино (Астраханская область),1,0
Шушенское,1,2
Шуя,1,9
Щучье,1,0
Эквадор,1,0
Электроугли,1,1
Мегион,1,2
Жуков,1,5
Междуреченск,1,9
Южная Корея,1,0
Южноуральск,1,9
Великий Устюг,1,0
Мелеуз,1,1
Менделеевск,1,4
Забайкальский край,1,0
Яблоновский (Республика Адыгея),1,2
Миллерово,1,0
Минусинск,1,4
Усть-Катав,0,1
Усть-Луга,0,3
Фергана,0,1
Фёдоровское (Ленинградская область),0,0
Фокино (Брянская область),0,2
Фокино (Приморский край),0,1
Форносово,0,0
Франция,0,0
Фролово,0,2
Хадыженск,0,0
Хасавюрт,0,6
Хвалынск,0,0
Хомутово (Иркутская область),0,1
Хоринск,0,0
Хотьково,0,1
Хромтау,0,0
Цивильск,0,1
Цхалтубо,0,0
Чалтырь,0,0
Чамзинка,0,0
Чаплыгин,0,0
Чебаркуль,0,1
Чегдомын,0,0
Черемхово,0,0
Черепаново,0,2
Чернянка,0,0
Черняховск,0,4
Чугуевка,0,0
Шадринск,0,0
Шахтерск (Сахалинская область),0,1
Шахунья,0,0
Шацк (Рязанская область),0,0
Шерегеш,0,2
Шилово,0,0
Шлиссельбург,0,1
Шумерля,0,1
Шумиха,0,0
Шушары,0,1
Щекино,0,5
Энем,0,3
Эркен-Шахар,0,0
Эртиль,0,1
Южа,0,0
Юрга,0,1
Юргамыш,0,0
Юрьев-Польский,0,0
Юрюзань,0,0
Ялуторовск,0,3
Ямбург (Ямало-Ненецкий АО),0,0
Янино-1,0,0
Ярцево,0,2
Ясногорск,0,2
Ясный (Оренбургская область),0,0
Яшкино,0,0
Яя,0,1
Абан,0,1
Абатское,0,0
Абдулино,0,1
Абхазия,0,1
Агинское (Забайкальский АО),0,2
Адыгейск,0,0
Адыге-Хабль,0,1
Айхал,0,0
Акташ (Узбекистан),0,4
Актогай,0,1
Алатырь,0,0
Александровка (Ростовская область),0,0
Алексеевка,0,4
Алексин,0,5
Аликово,0,1
Алупка,0,0
"Амзя (Нефтекамск, Башкортостан)",0,0
Амурск,0,1
Андреевка (Хасанский район),0,0
Анжеро-Судженск,0,3
Анива,0,0
Анна,0,1
Апатиты,0,9
Аргаяш,0,0
Аргентина,0,0
Арсеньев,0,1
Артемовский (Свердловская область),0,1
Архипо-Осиповка,0,0
Асино,0,0
Аткарск,0,0
Атяшево,0,0
Ахтубинск,0,1
Аша,0,0
Бабаево,0,0
Багаевская,0,0
Байконур (Кызылорд. обл),0,0
Бакал,0,0
Балакирево,0,0
Балахта (Красноярский край),0,2
Балашов,0,0
Балтаси,0,0
Баранчинский,0,0
Баргузин,0,1
Баткен,0,0
Бежаницы,0,0
Белая Калитва,0,0
Белебей,0,3
Белоозерск,0,0
Белоозёрский (Московская область),0,1
Белореченский,0,0
Белоусово,0,1
Белоярский,0,0
Белоярский (Свердловская область),0,0
Белый Яр (Республика Хакасия),0,0
Белый Яр (Ханты-Мансийский АО),0,2
Бердюжье,0,0
Бердяуш,0,1
Береза,0,1
Беслан,0,2
Билибино,0,0
Биробиджан,0,6
Бирск,0,1
Бирюч,0,0
Бичура,0,0
Благовещенск (Республика Башкортостан),0,9
Богданович,0,0
Богородицк,0,1
Богородск,0,1
Боготол,0,2
Богучаны,0,4
Богучар,0,1
Болниси,0,0
Бологое,0,1
Болохово,0,0
Большие Вязёмы,0,1
Большие Салы,0,0
Большое Сорокино,0,1
Большой Исток,0,0
Боржоми,0,0
Борзя,0,3
Борисоглебск,0,4
Боровск,0,2
Бородино,0,0
Бугуруслан,0,3
Бузулук,0,9
Буй,0,1
Бутурлиновка,0,0
Вагай,0,0
Валдай,0,1
Валуйки,0,2
Варна (Челябинская область),0,0
Васюринская,0,0
Великие Луки,0,5
Верхневилюйск,0,0
Верхнеднепровский,0,0
Верхнеяркеево,0,0
Верхние Киги,0,0
Верхний Баскунчак,0,0
Верхний Мамон,0,2
Верхний Тагил,0,0
Верхний Уфалей,0,0
Верхняя Тура,0,0
Верх-Тула,0,1
Ветлуга,0,0
Визинга,0,0
Виллози,0,0
Винзили,0,1
Витим,0,0
Вихоревка,0,2
Владимиро-Александровское,0,0
Власиха (Алтайский край),0,0
ВНИИССОК,0,0
Волго-Каспийский,0,0
Волгореченск,0,0
Волковыск,0,0
Волово,0,0
Волоколамск,0,0
Волоконовка,0,0
Волхов,0,4
Вольгинский,0,1
Вольно-Надеждинское,0,3
Вольск,0,0
Воркута,0,2
Вуктыл,0,1
Вурнары,0,0
Выселки,0,2
Вышний Волочек,0,0
Вьетнам,0,0
Вязники,0,2
Вятские Поляны,0,0
Гаджиево,0,0
Гай,0,0
Гдов,0,0
Гиагинская,0,0
Глинищево,0,0
Глубокое (Восточно-Казахстанская область),0,0
Голицыно,0,4
Голубицкая,0,0
Горки Ленинские,0,2
Горноуральский,0,0
Городец,0,1
Городище,0,0
Горшечное,0,0
Горячий Ключ,0,1
Грамотеино,0,0
Грахово,0,0
Греция,0,0
Грязи,0,2
Гудермес,0,1
Гуково,0,0
Гурьевск (Калининградская область),0,3
Гусев,0,4
Гусиноозерск,0,0
Давлеканово,0,2
Дагомыс,0,0
Дальнереченск,0,1
Данилов,0,0
Данков,0,0
Дебёсы,0,0
Дербент,0,4
Джизак,0,1
Джубга,0,0
Дзержинский,0,4
Динская станица,0,3
Дно,0,0
Долгоруково,0,0
Дорогобуж,0,1
Дорохово (Московская область),0,1
Дрогичин,0,0
Дубовка,0,0
Духовщина,0,1
Дюртюли,0,2
Егорьевск,0,8
Елань,0,0
Елизаветинская,0,1
Еманжелинск,0,4
Енисейск,0,1
Енотаевка,0,0
Ерзовка,0,0
Ермолино (Калужская область),0,0
Ессентукская,0,0
Жабинка,0,0
Железногорск-Илимский,0,5
Жетысай,0,0
Жигалово,0,0
Жирновск,0,1
Забайкальск,0,4
Заводоуковск,0,2
Завьялово (Алтайский край),0,0
Заинск,0,0
Закаменск,0,1
Заозерный,0,3
Заполярный (Ямало-Ненецкий АО),0,1
Зверево,0,0
Звериноголовское,0,0
Зеленогорск (Красноярский край),0,6
Зеленогорск (Ленинградская обл),0,2
Зеленодольск (Республика Татарстан),0,10
Зеленокумск,0,0
Зерноград,0,0
Зимовники,0,0
Знаменск,0,2
Зубова-Поляна,0,0
Ивангород,0,0
Иваново (Брестская область),0,0
Ивдель,0,1
Ивня,0,0
Иглино,0,2
Игра,0,0
Избербаш,0,0
Излучинск,0,1
Измалково,0,0
Изобильный,0,1
Икряное,0,0
Икша,0,0
Иланский,0,1
Иловля,0,1
Ильинка,0,0
Ильинка (Икрянинский район),0,0
Ильский,0,2
Индустриальный (Краснодарский край),0,0
Инзер,0,0
Инской,0,0
Ирбит,0,1
Италия,0,0
Йемен,0,0
Казанское,0,0
Казачинское,0,1
Калачинск,0,2
Калининец,0,0
Калининская,0,0
"Калтасы (Калтасинский район, Башкортостан)",0,0
Калязин,0,0
Камбоджа,0,0
Каменка (Пензенская область),0,0
Каменск-Шахтинский,0,6
Камень-Рыболов,0,0
Камызяк,0,0
Камышлов,0,1
Кандры,0,0
Канск,0,4
Кант,0,0
Капчагай,0,3
Кара-Балта,0,0
Карабаново,0,0
Карабаш (Челябинская область),0,0
Караваево,0,0
Карасук,0,1
Каргасок,0,0
Карпинск,0,2
Карталы,0,0
Карши,0,0
Карымское,0,1
Касимов,0,0
Каскелен,0,0
Касли,0,0
Каспи,0,0
Каспийск,0,4
Катар,0,0
Кашин,0,3
Кемь,0,1
Кетово,0,0
Кизляр,0,1
Кимры,0,2
Кинешма,0,3
Киреевск,0,0
Киренск,0,0
Кириши,0,4
Кировград,0,1
Киров (Калужская область),0,0
Кировский (Астраханская область),0,0
Кирсанов,0,1
Киселевск,0,3
Кишинёв,0,23
Клинцы,0,0
Ключи (Алтайский край),0,0
Ключи (Камчатский край),0,0
Кобрин,0,1
Кобулети,0,0
Кодинск,0,5
Козьмодемьянск,0,0
Коканд,0,2
Кола,0,2
Колпино,0,10
Кольцово (Новосибирская область),0,0
Кольчугино,0,0
Коммунар,0,1
Коммунарка,0,1
Кондрово,0,2
Кордай,0,0
Коркино,0,3
Коротчаево,0,0
Костомукша,0,4
Косулино (Свердловская область),0,0
Котельниково,0,0
Котово,0,0
Кош-Агач,0,0
"Красная Горка (Нуримановский район, Башкортостан)",0,0
Красногвардейское (Ставропольский край),0,0
Красногорский (Челябинская область),0,1
Красное (Липецкая область),0,1
Краснозерское,0,0
Краснозёрское,0,0
Краснослободск (Республика Мордовия),0,0
Краснотурьинск,0,2
Красноуральск,0,0
Красноуфимск,0,0
Красные Баррикады,0,0
Красный Кут,0,0
Крекшино,0,2
Криводановка,0,0
Кронштадт,0,3
Крыловская станица (Крыловский район),0,0
Крым (Ростовская область),0,0
Крымск,0,4
Кубинка,0,7
Кувандык,0,0
Кугеси,0,1
Кузнецк,0,3
Куйбышев,0,0
Куйбышево (Ростовская область),0,0
Култаево,0,0
Кульсары,0,0
Кумертау,0,1
Кумылженская,0,0
Курагино,0,1
Куркино,0,0
Курчатов,0,2
Куса,0,1
Кушва,0,0
Кыштовка,0,0
Лабытнанги,0,1
Лакинск,0,2
Лениногорск,0,0
Ленинский (Тульская область),0,0
Ленинск-Кузнецкий,0,5
Лесосибирск,0,3
Ливны,0,1
Лиман (Астраханская область),0,0
Линево (Новосибирская область),0,2
Лихославль,0,0
Лобня,0,16
Лодейное Поле,0,0
Лосино-Петровский,0,0
Лоухи,0,0
Луга,0,1
Лузино,0,0
Лыткарино,0,0
Львовское,0,0
Магас,0,0
Магистральный,0,0
Майма,0,0
Макинск,0,1
Максатиха,0,0
Макушино,0,0
Малайзия,0,0
Малаховка (Московская область),0,1
Малая Вишера,0,0
Малгобек,0,0
Малорита,0,0
Малые Вязёмы,0,0
Мантурово,0,0
Маргилан,0,0
Мга,0,0
Мглин,0,0
Медвежье Озеро,0,0
Медногорск,0,0
Мексика,0,0
Мензелинск,0,1
Металлострой,0,0
Мирный (Архангельская область),0,3
Мирный (Республика Саха (Якутия)),0,12
Мирный (Самарская область),0,0
Михайлов,0,0
Михайловск (Ставропольский край),0,4
Мичуринск,0,2
Могойтуй,0,1
Можга,0,1
Моздок,0,0
Монино,0,1
Мончегорск,0,5
Моргауши,0,0
Моршанск,0,0
Московский,0,2
Мосты,0,0
Мотыгино,0,0
Мурмаши,0,1
Навашино,0,1
Назарово,0,3
Назрань,0,7
Нальчик,0,8
Нариманов,0,0
Нарышкино,0,0
Нарьян-Мар,0,5
Нахабино,0,10
Невель,0,1
Немчиновка,0,0
Нерехта,0,0
Нерчинск,0,1
Нерчинский Завод,0,1
Нерюнгри,0,6
Нефтегорск (Самарская область),0,1
Нея,0,0
Нижнедевицк,0,0
Нижнеудинск,0,2
Нижние Серги,0,1
Нижний Баскунчак,0,0
Нижний Ломов,0,1
Нижний Одес,0,0
Нижняя Салда,0,0
Николаевск,0,0
Николо-Березовка,0,0
Новая Ляля,0,0
Новая Усмань,0,1
Новоаннинский,0,1
Нововоронеж,0,0
Новогрудок,0,1
Новое Ступино,0,0
Новозавидовский,0,0
Новоивановское,0,0
Новокубанск,0,0
Новоорск,0,0
Новоржев,0,0
Новосокольники,0,0
Новотитаровская,0,1
Новоульяновск,0,1
Новоуральск,0,5
Новохоперск,0,0
Новохопёрск,0,1
Новый Городок (Одинцовский район),0,0
Новый Оскол,0,0
Новый Уоян,0,0
Новый Ургал,0,0
Новый Хушет,0,0
Ноглики,0,0
Нукус,0,0
Нурлат,0,0
Нязепетровск,0,0
Облучье,0,0
Оболенск,0,2
Обухово,0,0
Ожерелье,0,0
Озеры,0,0
"Октябрьская (Крыловский район,Краснодарский край)",0,0
Октябрьский (Волгоградская область),0,0
Октябрьский (Рязанская область),0,0
Октябрьское (Пригородный район),0,0
Олекминск,0,0
Ольгинская,0,0
Онгудай,0,0
Опочка,0,0
Ордынское,0,0
Орлов,0,0
Орловский,0,0
Осташков,0,1
Остров,0,0
Отеген-Батыр,0,1
Отрадное (Ленинградская область),0,0
Очер,0,0
Ош,0,2
Павино,0,0
Павловка,0,0
Павловск (Алтайский край),0,0
Павловская,0,0
Павловск (Ленинградская область),0,1
Палех,0,1
Пангоды,0,2
Панино,0,0
Певек,0,0
Первомайский (Оренбургская область),0,0
Первомайский (Тамбовская область),0,0
Первомайское (Ленинградская область),0,1
Перемышль,0,0
Пестово,0,1
Пестяки,0,0
Песчаное,0,0
Петергоф,0,4
Петров Вал,0,0
Петровск-Забайкальский,0,1
Петропавловка (Воронежская область),0,1
Петропавловка (Республика Бурятия),0,1
Петухово,0,0
Петушки,0,3
Печора,0,0
Печоры,0,0
Пикалево,0,1
Пионерский,0,0
Пластун,0,0
Поварово,0,0
Пойковский,0,3
Покачи,0,1
Покров,0,2
Полевской,0,3
Полысаево,0,2
Полярный,0,0
Понежукай,0,2
Порхов,0,0
поселок Лев Толстой,0,0
Посёлок совхоза имени Ленина,0,0
Похвистнево,0,1
Преображение,0,0
Приаргунск,0,2
Приволжский,0,0
Приволжье (Самарская область),0,0
Приютово,0,1
"Прогресс (Янаульский район, Башкортостан)",0,0
Пролетарск,0,0
Промышленная,0,0
Протвино,0,0
Прохладный,0,0
Прохоровка,0,0
Пружаны,0,0
Пугачев,0,0
Пуровск,0,0
Пустошка,0,0
Пучеж,0,0
Пущино,0,0
Пыталово,0,0
Раевский (Альшеевский район),0,2
Развилка (Московская область),0,3
Райчихинск,0,1
Ракитное (Белгородская область),0,0
Ревда (Свердловская область),0,0
Реж,0,0
Риддер (ВКО),0,1
Родино,0,0
Рославль,0,2
Ростов (Ярославская область),0,4
Ртищево,0,0
Руза,0,1
Румыния,0,1
Сабетта (Ямало-Ненецкий АО),0,0
Саки,0,1
Салым,0,0
Сальск,0,1
Саракташ,0,1
Сарань,0,0
Саров,0,6
Сарыагаш,0,1
Сасово,0,1
Сафоново,0,3
Саянск,0,0
Светлогорск (Калининградская область),0,0
Светогорск,0,0
Свободный,0,7
Северобайкальск,0,1
Северо-Енисейский (Красноярский край),0,1
Североморск,0,3
Североуральск,0,2
Северская станица,0,0
Сегежа,0,3
Седельниково,0,0
Сенгилей,0,0
Серафимович,0,0
Сергач,0,1
Сергиевск,0,1
Сердобск,0,1
Серебрянск,0,0
Сертолово,0,3
Сестрорецк,0,3
Синдор,0,0
Скидель,0,0
Сковородино,0,1
Скопин,0,0
Славгород (Алтайский край),0,0
Сланцы,0,3
Слободской,0,1
Словакия,0,1
Слуцк,0,0
Слюдянка,0,0
Снегири,0,2
Снежинск,0,2
Собинка,0,0
Советск (Калининградская область),0,2
Советск (Тульская область),0,0
Солнечный (Воронежская область),0,0
Солнечный (Красноярский край),0,0
Сорочинск,0,0
Сорск,0,1
Сосновка (Тамбовская область),0,0
Сосногорск,0,0
Софрино,0,4
Софьино (Раменский район),0,2
Становое,0,0
Старица,0,0
Старотитаровская,0,1
Старый Городок (Одинцовский район),0,0
Степногорск,0,1
Стрежевой,0,5
Стрелецкое,0,0
Струнино,0,0
Судогда,0,2
Суксун,0,0
Сунжа (Ингушетия),0,1
Суоярви,0,0
Тавда,0,0
Таврическое,0,1
Таджикистан,0,4
Тайга,0,3
Тайцы,0,0
Тайшет,0,3
Таксимо,0,0
Талица,0,0
Тамань,0,3
Тарасовский,0,0
Тарко-Сале,0,1
Тасеево,0,0
Татарск,0,0
Тахтамукай,0,2
Тацинская,0,0
Ташкиново,0,0
Таштагол,0,3
Тбилисская,0,1
Тевриз,0,0
Телеханы,0,0
Тельмана,0,0
Темников,0,0
Темрюк,0,6
Теплое,0,0
Тербуны,0,1
Термез,0,0
Тихвин,0,4
Ткибули,0,0
Товарково (Калужская область),0,0
Тогучин,0,1
Толмачево,0,0
Топки,0,2
Троицкое (Алтайский край),0,0
Троицкое (Сахалинская область),0,2
Троицк (Челябинская область),0,4
Туймазы,0,3
Тулун,0,0
Тура (Красноярский край),0,1
Тучково,0,2
Тымовское,0,0
Тында,0,0
Тяжинский,0,0
Ува,0,0
Уват (Тюменская область),0,1
Углегорск,0,0
Углич,0,0
Удачный,0,9
Удомля,0,2
Ужур,0,4
Ульяновка (Ленинградская область),0,0
Урай,0,1
Урджар,0,0
Уренгой,0,1
Урень,0,1
Уруссу,0,0
Урюпинск,0,1
Усмань,0,0
Усть-Абакан,0,0
